count,full_price,area,pv,overprice,pv+overprice,number,project_name,preset
1,6817078,48.31,1370232.68,855624.0,2225856.68,1,Мегаполис,https://pb9457.profitbase.ru/uploads/preset/9457/65b3993a3d09f.png
2,6595533,46.74,1325702.13,827817.0,2153519.13,8,Мегаполис,https://pb9457.profitbase.ru/uploads/preset/9457/65b399405dba0.png
3,6751333,48.82,1357017.93,726945.0,2083962.93,10,Мегаполис,https://pb9457.profitbase.ru/uploads/preset/9457/65b3994208267.png
4,6966000,46.44,1400166.0,1235304.0,2635470.0,18,Мегаполис,https://pb9457.profitbase.ru/uploads/preset/9457/65b399553bcb5.png
5,7203000,48.31,1447803.0,1241546.0,2689349.0,21,Мегаполис,https://pb9457.profitbase.ru/uploads/preset/9457/65b3994d6ac7b.png
6,7281000,48.54,1463481.0,1291164.0,2754645.0,30,Мегаполис,https://pb9457.profitbase.ru/uploads/preset/9457/65b3995783eaf.png
7,7203000,48.31,1447803.0,1241546.0,2689349.0,41,Мегаполис,https://pb9457.profitbase.ru/uploads/preset/9457/65b3994d6ac7b.png
8,7297533,47.94,1466804.13,1381737.0,2848541.13,51,Мегаполис,https://pb9457.profitbase.ru/uploads/preset/9457/65b39966eef4c.png
9,7058544,46.37,1418767.34,1336486.0,2755253.34,58,Мегаполис,https://pb9457.profitbase.ru/uploads/preset/9457/65b399a947725.png
10,7058544,46.37,1418767.34,1336486.0,2755253.34,78,Мегаполис,https://pb9457.profitbase.ru/uploads/preset/9457/65b399a947725.png
11,8140611,60.55,1636262.81,668741.0,2305003.81,81,Мегаполис,https://pb9457.profitbase.ru/uploads/preset/9457/65c348b05f6b9.png
12,7050244,52.01,1417099.04,632210.0,2049309.04,85,Мегаполис,https://pb9457.profitbase.ru/uploads/preset/9457/65c348b3115fa.png
13,8175356,60.31,1643246.56,733102.0,2376348.56,87,Мегаполис,https://pb9457.profitbase.ru/uploads/preset/9457/65c35b62c3f30.png
14,6790267,48.12,1364843.67,852259.0,2217102.67,88,Мегаполис,https://pb9457.profitbase.ru/uploads/preset/9457/65c35b64663fb.png
15,7125000,51.3,1432125.0,794580.0,2226705.0,91,Мегаполис,https://pb9457.profitbase.ru/uploads/preset/9457/65c35b6be4b6c.png
16,8175356,60.31,1643246.56,733102.0,2376348.56,93,Мегаполис,https://pb9457.profitbase.ru/uploads/preset/9457/65c35b62c3f30.png
17,6790267,48.12,1364843.67,852259.0,2217102.67,94,Мегаполис,https://pb9457.profitbase.ru/uploads/preset/9457/65c35b64663fb.png
18,7125000,51.3,1432125.0,794580.0,2226705.0,97,Мегаполис,https://pb9457.profitbase.ru/uploads/preset/9457/65c35b6be4b6c.png
19,8175356,60.31,1643246.56,733102.0,2376348.56,99,Мегаполис,https://pb9457.profitbase.ru/uploads/preset/9457/65c35b62c3f30.png
20,6790267,48.12,1364843.67,852259.0,2217102.67,100,Мегаполис,https://pb9457.profitbase.ru/uploads/preset/9457/65c35b64663fb.png
21,7125000,51.3,1432125.0,794580.0,2226705.0,103,Мегаполис,https://pb9457.profitbase.ru/uploads/preset/9457/65c35b6be4b6c.png
22,8232800,60.24,1654792.8,799184.0,2453976.8,105,Мегаполис,https://pb9457.profitbase.ru/uploads/preset/9457/65c35c0d1de36.png
23,7113889,51.22,1429891.69,793341.0,2223232.69,109,Мегаполис,https://pb9457.profitbase.ru/uploads/preset/9457/65c35c1434837.png
24,8232800,60.24,1654792.8,799184.0,2453976.8,111,Мегаполис,https://pb9457.profitbase.ru/uploads/preset/9457/65c35c0d1de36.png
25,7113889,51.22,1429891.69,793341.0,2223232.69,115,Мегаполис,https://pb9457.profitbase.ru/uploads/preset/9457/65c35c1434837.png
26,8232800,60.24,1654792.8,799184.0,2453976.8,117,Мегаполис,https://pb9457.profitbase.ru/uploads/preset/9457/65c35c0d1de36.png
27,6939111,48.04,1394761.31,1010975.0,2405736.31,118,Мегаполис,https://pb9457.profitbase.ru/uploads/preset/9457/65c35c0ed44ef.png
28,7113889,51.22,1429891.69,793341.0,2223232.69,121,Мегаполис,https://pb9457.profitbase.ru/uploads/preset/9457/65c35c1434837.png
29,8232800,60.24,1654792.8,799184.0,2453976.8,123,Мегаполис,https://pb9457.profitbase.ru/uploads/preset/9457/65c35c0d1de36.png
30,7113889,51.22,1429891.69,793341.0,2223232.69,127,Мегаполис,https://pb9457.profitbase.ru/uploads/preset/9457/65c35c1434837.png
31,8232800,60.24,1654792.8,799184.0,2453976.8,129,Мегаполис,https://pb9457.profitbase.ru/uploads/preset/9457/65c35c0d1de36.png
32,6939111,48.04,1394761.31,1010975.0,2405736.31,130,Мегаполис,https://pb9457.profitbase.ru/uploads/preset/9457/65c35c0ed44ef.png
33,8217767,60.13,1651771.17,797725.0,2449496.17,135,Мегаполис,https://pb9457.profitbase.ru/uploads/preset/9457/65c35d994c42b.png
34,6953556,48.14,1397664.76,1013080.0,2410744.76,136,Мегаполис,https://pb9457.profitbase.ru/uploads/preset/9457/65c35d9c7fa42.png
35,8217767,60.13,1651771.17,797725.0,2449496.17,139,Мегаполис,https://pb9457.profitbase.ru/uploads/preset/9457/65c35e46560ed.png
36,6969444,48.25,1400858.24,1015394.0,2416252.24,140,Мегаполис,https://pb9457.profitbase.ru/uploads/preset/9457/65c35e4a5faf7.png
37,7261578,51.46,1459577.18,911414.0,2370991.18,150,Мегаполис,https://pb9457.profitbase.ru/uploads/preset/9457/65c384a9b04e5.png
38,7261578,51.46,1459577.18,911414.0,2370991.18,155,Мегаполис,https://pb9457.profitbase.ru/uploads/preset/9457/65c384a9b04e5.png
39,7279900,50.79,1463259.9,1012414.0,2475673.9,162,Мегаполис,https://pb9457.profitbase.ru/uploads/preset/9457/65c384b092cd0.png
40,7261578,51.46,1459577.18,911414.0,2370991.18,165,Мегаполис,https://pb9457.profitbase.ru/uploads/preset/9457/65c384a9b04e5.png
41,7364467,51.38,1480257.87,1024175.0,2504432.87,170,Мегаполис,https://pb9457.profitbase.ru/uploads/preset/9457/65c384d268bcb.png
42,7679105,48.33,1543500.1,1715183.0,3258683.1,171,Мегаполис,https://pb9457.profitbase.ru/uploads/preset/9457/65c384d4837d6.png
43,7382578,50.72,1483898.18,1123730.0,2607628.18,172,Мегаполис,https://pb9457.profitbase.ru/uploads/preset/9457/65c384d657a38.png
44,7364467,51.38,1480257.87,1024175.0,2504432.87,175,Мегаполис,https://pb9457.profitbase.ru/uploads/preset/9457/65c384d268bcb.png
45,7679105,48.33,1543500.1,1715183.0,3258683.1,176,Мегаполис,https://pb9457.profitbase.ru/uploads/preset/9457/65c384d4837d6.png
46,7382578,50.72,1483898.18,1123730.0,2607628.18,177,Мегаполис,https://pb9457.profitbase.ru/uploads/preset/9457/65c384d657a38.png
47,7364467,51.38,1480257.87,1024175.0,2504432.87,180,Мегаполис,https://pb9457.profitbase.ru/uploads/preset/9457/65c384d268bcb.png
48,7382578,50.72,1483898.18,1123730.0,2607628.18,182,Мегаполис,https://pb9457.profitbase.ru/uploads/preset/9457/65c384d657a38.png
49,7364467,51.38,1480257.87,1024175.0,2504432.87,185,Мегаполис,https://pb9457.profitbase.ru/uploads/preset/9457/65c384d268bcb.png
50,7382578,50.72,1483898.18,1123730.0,2607628.18,187,Мегаполис,https://pb9457.profitbase.ru/uploads/preset/9457/65c384d657a38.png
51,7364467,51.38,1480257.87,1024175.0,2504432.87,190,Мегаполис,https://pb9457.profitbase.ru/uploads/preset/9457/65c384d268bcb.png
52,7582478,51.31,1524078.08,1250824.0,2774902.08,195,Мегаполис,https://pb9457.profitbase.ru/uploads/preset/9457/65c384e75a44a.png
53,7596000,50.64,1526796.0,1347024.0,2873820.0,197,Мегаполис,https://pb9457.profitbase.ru/uploads/preset/9457/65c384ec9b272.png
54,7582478,51.31,1524078.08,1250824.0,2774902.08,200,Мегаполис,https://pb9457.profitbase.ru/uploads/preset/9457/65c384e75a44a.png
55,9113889,48.25,1831891.69,3159839.0,4991730.69,216,Мегаполис,https://pb9457.profitbase.ru/uploads/preset/9457/65c385129498a.png
56,7098000,49.14,1426698.0,1034124.0,2460822.0,226,Мегаполис,https://pb9457.profitbase.ru/uploads/preset/9457/65b3a4105cde8.png
57,7098000,49.14,1426698.0,1034124.0,2460822.0,231,Мегаполис,https://pb9457.profitbase.ru/uploads/preset/9457/65b3a4105cde8.png
58,7098000,49.14,1426698.0,1034124.0,2460822.0,236,Мегаполис,https://pb9457.profitbase.ru/uploads/preset/9457/65b3a4105cde8.png
59,7196933,49.07,1446583.53,1141695.0,2588278.53,241,Мегаполис,https://pb9457.profitbase.ru/uploads/preset/9457/65b3a423d8ccd.png
60,7196933,49.07,1446583.53,1141695.0,2588278.53,246,Мегаполис,https://pb9457.profitbase.ru/uploads/preset/9457/65b3a423d8ccd.png
61,7196933,49.07,1446583.53,1141695.0,2588278.53,251,Мегаполис,https://pb9457.profitbase.ru/uploads/preset/9457/65b3a423d8ccd.png
62,9423267,64.74,1894076.67,1434351.0,3328427.67,253,Мегаполис,https://pb9457.profitbase.ru/uploads/preset/9457/65b3a42834939.png
63,7196933,49.07,1446583.53,1141695.0,2588278.53,256,Мегаполис,https://pb9457.profitbase.ru/uploads/preset/9457/65b3a423d8ccd.png
64,7196933,49.07,1446583.53,1141695.0,2588278.53,261,Мегаполис,https://pb9457.profitbase.ru/uploads/preset/9457/65b3a423d8ccd.png
65,7402933,48.99,1487989.53,1357567.0,2845556.53,266,Мегаполис,https://pb9457.profitbase.ru/uploads/preset/9457/65b3a4362c865.png
66,7402933,48.99,1487989.53,1357567.0,2845556.53,271,Мегаполис,https://pb9457.profitbase.ru/uploads/preset/9457/65b3a4362c865.png
67,7402933,48.99,1487989.53,1357567.0,2845556.53,276,Мегаполис,https://pb9457.profitbase.ru/uploads/preset/9457/65b3a4362c865.png
68,6781944,48.83,1363170.74,756322.0,2119492.74,279,Мегаполис,https://pb9457.profitbase.ru/uploads/preset/9457/65b3ac8743a1c.png
69,6555556,47.2,1317666.76,731076.0,2048742.76,281,Мегаполис,https://pb9457.profitbase.ru/uploads/preset/9457/65b3acc5a762b.png
70,6690133,47.04,1344716.73,885397.0,2230113.73,286,Мегаполис,https://pb9457.profitbase.ru/uploads/preset/9457/65b3acca44215.png
71,6763889,48.7,1359541.69,754309.0,2113850.69,288,Мегаполис,https://pb9457.profitbase.ru/uploads/preset/9457/65b3accc32a8e.png
72,6784622,48.08,1363709.02,851550.0,2215259.02,289,Мегаполис,https://pb9457.profitbase.ru/uploads/preset/9457/65b3aced85bf2.png
73,6734000,46.62,1353534.0,981092.0,2334626.0,291,Мегаполис,https://pb9457.profitbase.ru/uploads/preset/9457/65b3acefaee87.png
74,6729667,46.59,1352663.07,980461.0,2333124.07,296,Мегаполис,https://pb9457.profitbase.ru/uploads/preset/9457/65b3acf7371c5.png
75,6807200,48.24,1368247.2,854384.0,2222631.2,298,Мегаполис,https://pb9457.profitbase.ru/uploads/preset/9457/65b3ad345e1e9.png
76,6784622,48.08,1363709.02,851550.0,2215259.02,299,Мегаполис,https://pb9457.profitbase.ru/uploads/preset/9457/65b3aced85bf2.png
77,6734000,46.62,1353534.0,981092.0,2334626.0,301,Мегаполис,https://pb9457.profitbase.ru/uploads/preset/9457/65b3acefaee87.png
78,6807200,48.24,1368247.2,854384.0,2222631.2,308,Мегаполис,https://pb9457.profitbase.ru/uploads/preset/9457/65b3ad345e1e9.png
79,6784622,48.08,1363709.02,851550.0,2215259.02,309,Мегаполис,https://pb9457.profitbase.ru/uploads/preset/9457/65b3aced85bf2.png
80,6807200,48.24,1368247.2,854384.0,2222631.2,318,Мегаполис,https://pb9457.profitbase.ru/uploads/preset/9457/65b3ad345e1e9.png
81,6784622,48.08,1363709.02,851550.0,2215259.02,319,Мегаполис,https://pb9457.profitbase.ru/uploads/preset/9457/65b3aced85bf2.png
82,6837600,46.62,1374357.6,1084692.0,2459049.6,321,Мегаполис,https://pb9457.profitbase.ru/uploads/preset/9457/65b3acefaee87.png
83,6833200,46.59,1373473.2,1083994.0,2457467.2,326,Мегаполис,https://pb9457.profitbase.ru/uploads/preset/9457/65b3acf7371c5.png
84,6807200,48.24,1368247.2,854384.0,2222631.2,328,Мегаполис,https://pb9457.profitbase.ru/uploads/preset/9457/65b3ad345e1e9.png
85,6890033,48.07,1384896.63,958195.0,2343091.63,329,Мегаполис,https://pb9457.profitbase.ru/uploads/preset/9457/65b3add64e491.png
86,6827333,46.55,1372293.93,1083063.0,2455356.93,331,Мегаполис,https://pb9457.profitbase.ru/uploads/preset/9457/65b3add921587.png
87,6821467,46.51,1371114.87,1082133.0,2453247.87,336,Мегаполис,https://pb9457.profitbase.ru/uploads/preset/9457/65b3ade0a96c8.png
88,6902933,48.16,1387489.53,959989.0,2347478.53,338,Мегаполис,https://pb9457.profitbase.ru/uploads/preset/9457/65b3ade352e28.png
89,6890033,48.07,1384896.63,958195.0,2343091.63,339,Мегаполис,https://pb9457.profitbase.ru/uploads/preset/9457/65b3add64e491.png
90,6827333,46.55,1372293.93,1083063.0,2455356.93,341,Мегаполис,https://pb9457.profitbase.ru/uploads/preset/9457/65b3add921587.png
91,6792133,46.31,1365218.73,1077479.0,2442697.73,346,Мегаполис,https://pb9457.profitbase.ru/uploads/preset/9457/65b3aea5d1475.png
92,6902933,48.16,1387489.53,959989.0,2347478.53,348,Мегаполис,https://pb9457.profitbase.ru/uploads/preset/9457/65b3ade352e28.png
93,6890033,48.07,1384896.63,958195.0,2343091.63,349,Мегаполис,https://pb9457.profitbase.ru/uploads/preset/9457/65b3add64e491.png
94,6827333,46.55,1372293.93,1083063.0,2455356.93,351,Мегаполис,https://pb9457.profitbase.ru/uploads/preset/9457/65b3add921587.png
95,6902933,48.16,1387489.53,959989.0,2347478.53,358,Мегаполис,https://pb9457.profitbase.ru/uploads/preset/9457/65b3ade352e28.png
96,6943444,48.07,1395632.24,1011606.0,2407238.24,359,Мегаполис,https://pb9457.profitbase.ru/uploads/preset/9457/65b3add64e491.png
97,6956444,48.16,1398245.24,1013500.0,2411745.24,368,Мегаполис,https://pb9457.profitbase.ru/uploads/preset/9457/65b3ade352e28.png
98,6943444,48.07,1395632.24,1011606.0,2407238.24,369,Мегаполис,https://pb9457.profitbase.ru/uploads/preset/9457/65b3add64e491.png
99,6956444,48.16,1398245.24,1013500.0,2411745.24,378,Мегаполис,https://pb9457.profitbase.ru/uploads/preset/9457/65b3ade352e28.png
100,7050267,48.07,1417103.67,1118429.0,2535532.67,379,Мегаполис,https://pb9457.profitbase.ru/uploads/preset/9457/65b3add64e491.png
101,7051733,48.08,1417398.33,1118661.0,2536059.33,388,Мегаполис,https://pb9457.profitbase.ru/uploads/preset/9457/65b3aedf2c4c6.png
102,7050267,48.07,1417103.67,1118429.0,2535532.67,389,Мегаполис,https://pb9457.profitbase.ru/uploads/preset/9457/65b3add64e491.png
103,6985867,46.23,1404159.27,1281085.0,2685244.27,396,Мегаполис,https://pb9457.profitbase.ru/uploads/preset/9457/65b3aeda86050.png
104,7051733,48.08,1417398.33,1118661.0,2536059.33,398,Мегаполис,https://pb9457.profitbase.ru/uploads/preset/9457/65b3aedf2c4c6.png
105,6652800,47.52,1337212.8,788832.0,2126044.8,399,Мегаполис,https://pb9457.profitbase.ru/uploads/preset/9457/65b3acd963c75.png
106,6529711,48.17,1312471.91,585533.0,1898004.91,402,Мегаполис,https://pb9457.profitbase.ru/uploads/preset/9457/65b3acdd75f3c.png
107,6788622,50.08,1364513.02,608750.0,1973263.02,404,Мегаполис,https://pb9457.profitbase.ru/uploads/preset/9457/65b3ace01d58f.png
108,6674489,46.93,1341572.29,883327.0,2224899.29,405,Мегаполис,https://pb9457.profitbase.ru/uploads/preset/9457/65b3ad43d247b.png
109,8345833,60.09,1677512.43,930727.0,2608239.43,406,Мегаполис,https://pb9457.profitbase.ru/uploads/preset/9457/65b3ad4567a9f.png
110,7270044,51.52,1461278.84,912476.0,2373754.84,407,Мегаполис,https://pb9457.profitbase.ru/uploads/preset/9457/65b3ad469b716.png
111,6656944,47.93,1338045.74,742382.0,2080427.74,408,Мегаполис,https://pb9457.profitbase.ru/uploads/preset/9457/65b3ad47bbbeb.png
112,6865278,49.43,1379920.88,765616.0,2145536.88,410,Мегаполис,https://pb9457.profitbase.ru/uploads/preset/9457/65b3adc12d324.png
113,6674489,46.93,1341572.29,883327.0,2224899.29,411,Мегаполис,https://pb9457.profitbase.ru/uploads/preset/9457/65b3ad43d247b.png
114,8345833,60.09,1677512.43,930727.0,2608239.43,412,Мегаполис,https://pb9457.profitbase.ru/uploads/preset/9457/65b3ad4567a9f.png
115,7270044,51.52,1461278.84,912476.0,2373754.84,413,Мегаполис,https://pb9457.profitbase.ru/uploads/preset/9457/65b3ad469b716.png
116,6656944,47.93,1338045.74,742382.0,2080427.74,414,Мегаполис,https://pb9457.profitbase.ru/uploads/preset/9457/65b3ad47bbbeb.png
117,6865278,49.43,1379920.88,765616.0,2145536.88,416,Мегаполис,https://pb9457.profitbase.ru/uploads/preset/9457/65b3adc12d324.png
118,7270044,51.52,1461278.84,912476.0,2373754.84,419,Мегаполис,https://pb9457.profitbase.ru/uploads/preset/9457/65b3ad469b716.png
119,6656944,47.93,1338045.74,742382.0,2080427.74,420,Мегаполис,https://pb9457.profitbase.ru/uploads/preset/9457/65b3ad47bbbeb.png
120,6778778,46.93,1362534.38,987616.0,2350150.38,423,Мегаполис,https://pb9457.profitbase.ru/uploads/preset/9457/65b3ad43d247b.png
121,6763456,47.93,1359454.66,848894.0,2208348.66,426,Мегаполис,https://pb9457.profitbase.ru/uploads/preset/9457/65b3ad47bbbeb.png
122,6975122,49.43,1401999.52,875460.0,2277459.52,428,Мегаполис,https://pb9457.profitbase.ru/uploads/preset/9457/65b3adc12d324.png
123,6830922,46.93,1373015.32,1039760.0,2412775.32,429,Мегаполис,https://pb9457.profitbase.ru/uploads/preset/9457/65b3ad43d247b.png
124,8412600,60.09,1690932.6,997494.0,2688426.6,430,Мегаполис,https://pb9457.profitbase.ru/uploads/preset/9457/65b3ad4567a9f.png
125,8556667,51.34,1719890.07,2221311.0,3941201.07,431,Мегаполис,https://pb9457.profitbase.ru/uploads/preset/9457/65b3adf5d1563.png
126,6752167,47.85,1357185.57,847477.0,2204662.57,432,Мегаполис,https://pb9457.profitbase.ru/uploads/preset/9457/65b3adf74023a.png
127,8225000,49.35,1653225.0,2135210.0,3788435.0,434,Мегаполис,https://pb9457.profitbase.ru/uploads/preset/9457/65b3ae35b6a07.png
128,6819278,46.85,1370674.88,1037988.0,2408662.88,435,Мегаполис,https://pb9457.profitbase.ru/uploads/preset/9457/65b3aeb7c47d7.png
129,8519111,59.9,1712341.31,1127451.0,2839792.31,436,Мегаполис,https://pb9457.profitbase.ru/uploads/preset/9457/65b3aeb92dc0a.png
130,8521667,51.13,1712855.07,2212225.0,3925080.07,437,Мегаполис,https://pb9457.profitbase.ru/uploads/preset/9457/65b3aeba835fb.png
131,6752167,47.85,1357185.57,847477.0,2204662.57,438,Мегаполис,https://pb9457.profitbase.ru/uploads/preset/9457/65b3adf74023a.png
132,6963833,49.35,1399730.43,874043.0,2273773.43,440,Мегаполис,https://pb9457.profitbase.ru/uploads/preset/9457/65b3ae35b6a07.png
133,6819278,46.85,1370674.88,1037988.0,2408662.88,441,Мегаполис,https://pb9457.profitbase.ru/uploads/preset/9457/65b3aeb7c47d7.png
134,8519111,59.9,1712341.31,1127451.0,2839792.31,442,Мегаполис,https://pb9457.profitbase.ru/uploads/preset/9457/65b3aeb92dc0a.png
135,8521667,51.13,1712855.07,2212225.0,3925080.07,443,Мегаполис,https://pb9457.profitbase.ru/uploads/preset/9457/65b3aeba835fb.png
136,6858500,47.85,1378558.5,953810.0,2332368.5,444,Мегаполис,https://pb9457.profitbase.ru/uploads/preset/9457/65b3adf74023a.png
137,7073500,49.35,1421773.5,983710.0,2405483.5,446,Мегаполис,https://pb9457.profitbase.ru/uploads/preset/9457/65b3ae35b6a07.png
138,6819278,46.85,1370674.88,1037988.0,2408662.88,447,Мегаполис,https://pb9457.profitbase.ru/uploads/preset/9457/65b3aeb7c47d7.png
139,8585667,59.9,1725719.07,1194007.0,2919726.07,448,Мегаполис,https://pb9457.profitbase.ru/uploads/preset/9457/65b3aeb92dc0a.png
140,8521667,51.13,1712855.07,2212225.0,3925080.07,449,Мегаполис,https://pb9457.profitbase.ru/uploads/preset/9457/65b3aeba835fb.png
141,6858500,47.85,1378558.5,953810.0,2332368.5,450,Мегаполис,https://pb9457.profitbase.ru/uploads/preset/9457/65b3adf74023a.png
142,7073500,49.35,1421773.5,983710.0,2405483.5,452,Мегаполис,https://pb9457.profitbase.ru/uploads/preset/9457/65b3ae35b6a07.png
143,8521667,51.13,1712855.07,2212225.0,3925080.07,455,Мегаполис,https://pb9457.profitbase.ru/uploads/preset/9457/65b3aeba835fb.png
144,7073500,49.35,1421773.5,983710.0,2405483.5,458,Мегаполис,https://pb9457.profitbase.ru/uploads/preset/9457/65b3ae35b6a07.png
145,7339833,46.85,1475306.43,1558543.0,3033849.43,459,Мегаполис,https://pb9457.profitbase.ru/uploads/preset/9457/65b3aeb7c47d7.png
146,9051556,59.9,1819362.76,1659896.0,3479258.76,460,Мегаполис,https://pb9457.profitbase.ru/uploads/preset/9457/65b3aeb92dc0a.png
147,8521667,51.13,1712855.07,2212225.0,3925080.07,461,Мегаполис,https://pb9457.profitbase.ru/uploads/preset/9457/65b3aeba835fb.png
148,6900111,47.77,1386922.31,1005293.0,2392215.31,462,Мегаполис,https://pb9457.profitbase.ru/uploads/preset/9457/65b3af1503a96.png
149,6900111,47.77,1386922.31,1005293.0,2392215.31,468,Мегаполис,https://pb9457.profitbase.ru/uploads/preset/9457/65b3af1503a96.png
150,7115333,49.26,1430181.93,1036649.0,2466830.93,470,Мегаполис,https://pb9457.profitbase.ru/uploads/preset/9457/65b3af18a6603.png
151,6222147,46.18,1250651.55,523535.0,1774186.55,5,Форт,https://pb9457.profitbase.ru/uploads/preset/9457/658e9677d56b3.png
152,6222147,46.18,1250651.55,523535.0,1774186.55,8,Форт,https://pb9457.profitbase.ru/uploads/preset/9457/658e9677d56b3.png
153,6222147,46.18,1250651.55,523535.0,1774186.55,11,Форт,https://pb9457.profitbase.ru/uploads/preset/9457/658e9677d56b3.png
154,6222147,46.18,1250651.55,523535.0,1774186.55,14,Форт,https://pb9457.profitbase.ru/uploads/preset/9457/658e9677d56b3.png
155,6319368,46.18,1270192.97,620756.0,1890948.97,17,Форт,https://pb9457.profitbase.ru/uploads/preset/9457/658e9677d56b3.png
156,6319368,46.18,1270192.97,620756.0,1890948.97,20,Форт,https://pb9457.profitbase.ru/uploads/preset/9457/658e9677d56b3.png
157,6319368,46.18,1270192.97,620756.0,1890948.97,23,Форт,https://pb9457.profitbase.ru/uploads/preset/9457/658e9677d56b3.png
158,8805284,70.89,1769862.08,57458.0,1827320.08,1,Форт,https://pb9457.profitbase.ru/uploads/preset/9457/658e996670160.png
159,7060526,53.66,1419165.73,438882.0,1858047.73,11,Форт,https://pb9457.profitbase.ru/uploads/preset/9457/658e9dbfd6504.png
160,8732211,69.13,1755174.41,201569.0,1956743.41,13,Форт,https://pb9457.profitbase.ru/uploads/preset/9457/658e9dbce9828.png
161,7060526,53.66,1419165.73,438882.0,1858047.73,17,Форт,https://pb9457.profitbase.ru/uploads/preset/9457/658e9dbfd6504.png
162,8732211,69.13,1755174.41,201569.0,1956743.41,19,Форт,https://pb9457.profitbase.ru/uploads/preset/9457/658e9dbce9828.png
163,8732211,69.13,1755174.41,201569.0,1956743.41,25,Форт,https://pb9457.profitbase.ru/uploads/preset/9457/658e9dbce9828.png
164,8804979,69.13,1769800.78,274337.0,2044137.78,31,Форт,https://pb9457.profitbase.ru/uploads/preset/9457/658e9dbce9828.png
165,7117011,53.66,1430519.21,495367.0,1925886.21,35,Форт,https://pb9457.profitbase.ru/uploads/preset/9457/658e9dbfd6504.png
166,8804979,69.13,1769800.78,274337.0,2044137.78,37,Форт,https://pb9457.profitbase.ru/uploads/preset/9457/658e9dbce9828.png
167,7117011,53.66,1430519.21,495367.0,1925886.21,41,Форт,https://pb9457.profitbase.ru/uploads/preset/9457/658e9dbfd6504.png
168,8804979,69.13,1769800.78,274337.0,2044137.78,43,Форт,https://pb9457.profitbase.ru/uploads/preset/9457/658e9dbce9828.png
169,7117011,53.66,1430519.21,495367.0,1925886.21,47,Форт,https://pb9457.profitbase.ru/uploads/preset/9457/658e9dbfd6504.png
170,8804979,69.13,1769800.78,274337.0,2044137.78,49,Форт,https://pb9457.profitbase.ru/uploads/preset/9457/658e9dbce9828.png
171,8877747,69.13,1784427.15,347105.0,2131532.15,55,Форт,https://pb9457.profitbase.ru/uploads/preset/9457/658e9dbce9828.png
172,8877747,69.13,1784427.15,347105.0,2131532.15,61,Форт,https://pb9457.profitbase.ru/uploads/preset/9457/658e9dbce9828.png
173,7512400,53.66,1509992.4,890756.0,2400748.4,77,Форт,https://pb9457.profitbase.ru/uploads/preset/9457/658e9dbfd6504.png
174,7512400,53.66,1509992.4,890756.0,2400748.4,83,Форт,https://pb9457.profitbase.ru/uploads/preset/9457/658e9dbfd6504.png
175,8795242,72.03,1767843.64,-93260.0,1674583.64,93,Форт,https://pb9457.profitbase.ru/uploads/preset/9457/658e9974db4ba.png
176,8304379,68.01,1669180.18,-88055.0,1581125.18,94,Форт,https://pb9457.profitbase.ru/uploads/preset/9457/658e997591dfb.png
177,8772989,70.63,1763370.79,57247.0,1820617.79,99,Форт,https://pb9457.profitbase.ru/uploads/preset/9457/658e9dcd28c1c.png
178,8639779,66.73,1736595.58,405297.0,2141892.58,100,Форт,https://pb9457.profitbase.ru/uploads/preset/9457/658e9dcdce0c9.png
179,7028947,53.42,1412818.35,436919.0,1849737.35,102,Форт,https://pb9457.profitbase.ru/uploads/preset/9457/658e9dcf286d3.png
180,8772989,70.63,1763370.79,57247.0,1820617.79,105,Форт,https://pb9457.profitbase.ru/uploads/preset/9457/658e9dcd28c1c.png
181,8639779,66.73,1736595.58,405297.0,2141892.58,106,Форт,https://pb9457.profitbase.ru/uploads/preset/9457/658e9dcdce0c9.png
182,8772989,70.63,1763370.79,57247.0,1820617.79,111,Форт,https://pb9457.profitbase.ru/uploads/preset/9457/658e9dcd28c1c.png
183,8639779,66.73,1736595.58,405297.0,2141892.58,112,Форт,https://pb9457.profitbase.ru/uploads/preset/9457/658e9dcdce0c9.png
184,7028947,53.42,1412818.35,436919.0,1849737.35,114,Форт,https://pb9457.profitbase.ru/uploads/preset/9457/658e9dcf286d3.png
185,8772989,70.63,1763370.79,57247.0,1820617.79,117,Форт,https://pb9457.profitbase.ru/uploads/preset/9457/658e9dcd28c1c.png
186,8639779,66.73,1736595.58,405297.0,2141892.58,118,Форт,https://pb9457.profitbase.ru/uploads/preset/9457/658e9dcdce0c9.png
187,8847337,70.63,1778314.74,131595.0,1909909.74,123,Форт,https://pb9457.profitbase.ru/uploads/preset/9457/658e9dcd28c1c.png
188,8710021,66.73,1750714.22,475539.0,2226253.22,124,Форт,https://pb9457.profitbase.ru/uploads/preset/9457/658e9dcdce0c9.png
189,7085179,53.42,1424120.98,493151.0,1917271.98,126,Форт,https://pb9457.profitbase.ru/uploads/preset/9457/658e9dcf286d3.png
190,8847337,70.63,1778314.74,131595.0,1909909.74,129,Форт,https://pb9457.profitbase.ru/uploads/preset/9457/658e9dcd28c1c.png
191,8710021,66.73,1750714.22,475539.0,2226253.22,130,Форт,https://pb9457.profitbase.ru/uploads/preset/9457/658e9dcdce0c9.png
192,7085179,53.42,1424120.98,493151.0,1917271.98,132,Форт,https://pb9457.profitbase.ru/uploads/preset/9457/658e9dcf286d3.png
193,8847337,70.63,1778314.74,131595.0,1909909.74,135,Форт,https://pb9457.profitbase.ru/uploads/preset/9457/658e9dcd28c1c.png
194,8710021,66.73,1750714.22,475539.0,2226253.22,136,Форт,https://pb9457.profitbase.ru/uploads/preset/9457/658e9dcdce0c9.png
195,7085179,53.42,1424120.98,493151.0,1917271.98,138,Форт,https://pb9457.profitbase.ru/uploads/preset/9457/658e9dcf286d3.png
196,8847337,70.63,1778314.74,131595.0,1909909.74,141,Форт,https://pb9457.profitbase.ru/uploads/preset/9457/658e9dcd28c1c.png
197,8710021,66.73,1750714.22,475539.0,2226253.22,142,Форт,https://pb9457.profitbase.ru/uploads/preset/9457/658e9dcdce0c9.png
198,7085179,53.42,1424120.98,493151.0,1917271.98,144,Форт,https://pb9457.profitbase.ru/uploads/preset/9457/658e9dcf286d3.png
199,8921684,70.63,1793258.48,205942.0,1999200.48,147,Форт,https://pb9457.profitbase.ru/uploads/preset/9457/658e9dcd28c1c.png
200,8780263,66.73,1764832.86,545781.0,2310613.86,148,Форт,https://pb9457.profitbase.ru/uploads/preset/9457/658e9dcdce0c9.png
201,7141411,53.42,1435423.61,549383.0,1984806.61,150,Форт,https://pb9457.profitbase.ru/uploads/preset/9457/658e9dcf286d3.png
202,8921684,70.63,1793258.48,205942.0,1999200.48,153,Форт,https://pb9457.profitbase.ru/uploads/preset/9457/658e9dcd28c1c.png
203,8780263,66.73,1764832.86,545781.0,2310613.86,154,Форт,https://pb9457.profitbase.ru/uploads/preset/9457/658e9dcdce0c9.png
204,7141411,53.42,1435423.61,549383.0,1984806.61,156,Форт,https://pb9457.profitbase.ru/uploads/preset/9457/658e9dcf286d3.png
205,8921684,70.63,1793258.48,205942.0,1999200.48,159,Форт,https://pb9457.profitbase.ru/uploads/preset/9457/658e9dcd28c1c.png
206,8780263,66.73,1764832.86,545781.0,2310613.86,160,Форт,https://pb9457.profitbase.ru/uploads/preset/9457/658e9dcdce0c9.png
207,7141411,53.42,1435423.61,549383.0,1984806.61,162,Форт,https://pb9457.profitbase.ru/uploads/preset/9457/658e9dcf286d3.png
208,8850505,66.73,1778951.51,616023.0,2394974.51,166,Форт,https://pb9457.profitbase.ru/uploads/preset/9457/658e9dcdce0c9.png
209,7478800,53.42,1503238.8,886772.0,2390010.8,168,Форт,https://pb9457.profitbase.ru/uploads/preset/9457/658e9dcf286d3.png
210,8850505,66.73,1778951.51,616023.0,2394974.51,172,Форт,https://pb9457.profitbase.ru/uploads/preset/9457/658e9dcdce0c9.png
211,7478800,53.42,1503238.8,886772.0,2390010.8,174,Форт,https://pb9457.profitbase.ru/uploads/preset/9457/658e9dcf286d3.png
212,8850505,66.73,1778951.51,616023.0,2394974.51,178,Форт,https://pb9457.profitbase.ru/uploads/preset/9457/658e9dcdce0c9.png
213,7478800,53.42,1503238.8,886772.0,2390010.8,180,Форт,https://pb9457.profitbase.ru/uploads/preset/9457/658e9dcf286d3.png
214,8704358,68.34,1749575.96,271202.0,2020777.96,182,Форт,https://pb9457.profitbase.ru/uploads/preset/9457/658ee75adcd9e.png
215,7342453,56.71,1475833.05,344439.0,1820272.05,187,Форт,https://pb9457.profitbase.ru/uploads/preset/9457/658ee75d65ce3.png
216,7513463,58.99,1510206.06,234097.0,1744303.06,188,Форт,https://pb9457.profitbase.ru/uploads/preset/9457/658ee75dda163.png
217,8695453,67.16,1747786.05,407909.0,2155695.05,189,Форт,https://pb9457.profitbase.ru/uploads/preset/9457/658ee8003ff5e.png
218,7461842,56.71,1499830.24,463828.0,1963658.24,194,Форт,https://pb9457.profitbase.ru/uploads/preset/9457/658ee802ecdc7.png
219,7506884,57.98,1508883.68,352152.0,1861035.68,195,Форт,https://pb9457.profitbase.ru/uploads/preset/9457/658ee803742f8.png
220,8695453,67.16,1747786.05,407909.0,2155695.05,196,Форт,https://pb9457.profitbase.ru/uploads/preset/9457/658ee8003ff5e.png
221,7506884,57.98,1508883.68,352152.0,1861035.68,202,Форт,https://pb9457.profitbase.ru/uploads/preset/9457/658ee803742f8.png
222,8695453,67.16,1747786.05,407909.0,2155695.05,203,Форт,https://pb9457.profitbase.ru/uploads/preset/9457/658ee8003ff5e.png
223,7461842,56.71,1499830.24,463828.0,1963658.24,208,Форт,https://pb9457.profitbase.ru/uploads/preset/9457/658ee802ecdc7.png
224,8695453,67.16,1747786.05,407909.0,2155695.05,210,Форт,https://pb9457.profitbase.ru/uploads/preset/9457/658ee8003ff5e.png
225,7506884,57.98,1508883.68,352152.0,1861035.68,216,Форт,https://pb9457.profitbase.ru/uploads/preset/9457/658ee803742f8.png
226,8766147,67.16,1761995.55,478603.0,2240598.55,217,Форт,https://pb9457.profitbase.ru/uploads/preset/9457/658ee8003ff5e.png
227,7521537,56.71,1511828.94,523523.0,2035351.94,222,Форт,https://pb9457.profitbase.ru/uploads/preset/9457/658ee802ecdc7.png
228,7567916,57.98,1521151.12,413184.0,1934335.12,223,Форт,https://pb9457.profitbase.ru/uploads/preset/9457/658ee803742f8.png
229,8766147,67.16,1761995.55,478603.0,2240598.55,224,Форт,https://pb9457.profitbase.ru/uploads/preset/9457/658ee8003ff5e.png
230,7521537,56.71,1511828.94,523523.0,2035351.94,229,Форт,https://pb9457.profitbase.ru/uploads/preset/9457/658ee802ecdc7.png
231,7567916,57.98,1521151.12,413184.0,1934335.12,230,Форт,https://pb9457.profitbase.ru/uploads/preset/9457/658ee803742f8.png
232,8766147,67.16,1761995.55,478603.0,2240598.55,231,Форт,https://pb9457.profitbase.ru/uploads/preset/9457/658ee8003ff5e.png
233,7521537,56.71,1511828.94,523523.0,2035351.94,236,Форт,https://pb9457.profitbase.ru/uploads/preset/9457/658ee802ecdc7.png
234,7567916,57.98,1521151.12,413184.0,1934335.12,237,Форт,https://pb9457.profitbase.ru/uploads/preset/9457/658ee803742f8.png
235,8766147,67.16,1761995.55,478603.0,2240598.55,238,Форт,https://pb9457.profitbase.ru/uploads/preset/9457/658ee8003ff5e.png
236,7567916,57.98,1521151.12,413184.0,1934335.12,244,Форт,https://pb9457.profitbase.ru/uploads/preset/9457/658ee803742f8.png
237,8836842,67.16,1776205.24,549298.0,2325503.24,245,Форт,https://pb9457.profitbase.ru/uploads/preset/9457/658ee8003ff5e.png
238,7581232,56.71,1523827.63,583218.0,2107045.63,250,Форт,https://pb9457.profitbase.ru/uploads/preset/9457/658ee802ecdc7.png
239,7628947,57.98,1533418.35,474215.0,2007633.35,251,Форт,https://pb9457.profitbase.ru/uploads/preset/9457/658ee803742f8.png
240,8836842,67.16,1776205.24,549298.0,2325503.24,252,Форт,https://pb9457.profitbase.ru/uploads/preset/9457/658ee8003ff5e.png
241,7628947,57.98,1533418.35,474215.0,2007633.35,258,Форт,https://pb9457.profitbase.ru/uploads/preset/9457/658ee803742f8.png
242,8836842,67.16,1776205.24,549298.0,2325503.24,259,Форт,https://pb9457.profitbase.ru/uploads/preset/9457/658ee8003ff5e.png
243,7581232,56.71,1523827.63,583218.0,2107045.63,264,Форт,https://pb9457.profitbase.ru/uploads/preset/9457/658ee802ecdc7.png
244,7628947,57.98,1533418.35,474215.0,2007633.35,265,Форт,https://pb9457.profitbase.ru/uploads/preset/9457/658ee803742f8.png
245,8907537,67.16,1790414.94,619993.0,2410407.94,266,Форт,https://pb9457.profitbase.ru/uploads/preset/9457/658ee8003ff5e.png
246,7939400,56.71,1595819.4,941386.0,2537205.4,271,Форт,https://pb9457.profitbase.ru/uploads/preset/9457/658ee802ecdc7.png
247,7995137,57.98,1607022.54,840405.0,2447427.54,272,Форт,https://pb9457.profitbase.ru/uploads/preset/9457/658ee803742f8.png
248,8907537,67.16,1790414.94,619993.0,2410407.94,273,Форт,https://pb9457.profitbase.ru/uploads/preset/9457/658ee8003ff5e.png
249,7939400,56.71,1595819.4,941386.0,2537205.4,278,Форт,https://pb9457.profitbase.ru/uploads/preset/9457/658ee802ecdc7.png
250,7995137,57.98,1607022.54,840405.0,2447427.54,279,Форт,https://pb9457.profitbase.ru/uploads/preset/9457/658ee803742f8.png
251,8907537,67.16,1790414.94,619993.0,2410407.94,280,Форт,https://pb9457.profitbase.ru/uploads/preset/9457/658ee8003ff5e.png
252,7995137,57.98,1607022.54,840405.0,2447427.54,286,Форт,https://pb9457.profitbase.ru/uploads/preset/9457/658ee803742f8.png
253,6776653,52.34,1362107.25,317897.0,1680004.25,291,Форт,https://pb9457.profitbase.ru/uploads/preset/9457/658ee772d783f.png
254,6813158,51.78,1369444.76,423506.0,1792950.76,297,Форт,https://pb9457.profitbase.ru/uploads/preset/9457/658ee80fe85bd.png
255,7170800,51.22,1441330.8,850252.0,2291582.8,133,Мегаполис,https://pb9457.profitbase.ru/uploads/preset/9457/65c35c1434837.png
